"filename", "language", "JSON", "JSON with Comments", "JavaScript", "TypeScript", "Markdown", "YAML", "CSS", "Python", "MDX", "vue", "comment", "blank", "total"
"e:\dev\RinaBlog\.github\workflows\build.yml", "YAML", 0, 0, 0, 0, 0, 22, 0, 0, 0, 0, 2, 4, 28
"e:\dev\RinaBlog\README.md", "Markdown", 0, 0, 0, 0, 31, 0, 0, 0, 0, 0, 0, 17, 48
"e:\dev\RinaBlog\components.d.ts", "TypeScript", 0, 0, 0, 26, 0, 0, 0, 0, 0, 0, 3, 3, 32
"e:\dev\RinaBlog\composables.d.ts", "TypeScript", 0, 0, 0, 8, 0, 0, 0, 0, 0, 0, 2, 3, 13
"e:\dev\RinaBlog\iles.config.ts", "TypeScript", 0, 0, 0, 30, 0, 0, 0, 0, 0, 0, 1, 2, 33
"e:\dev\RinaBlog\misc\AIabstract\ai.py", "Python", 0, 0, 0, 0, 0, 0, 0, 49, 0, 0, 1, 6, 56
"e:\dev\RinaBlog\misc\AIabstract\data.json", "JSON", 1, 0, 0, 0, 0, 0, 0, 0, 0, 0, 0, 0, 1
"e:\dev\RinaBlog\misc\pattren.mdx", "MDX", 0, 0, 0, 0, 0, 0, 0, 0, 12, 0, 0, 2, 14
"e:\dev\RinaBlog\misc\waifu\util_new.py", "Python", 0, 0, 0, 0, 0, 0, 0, 69, 0, 0, 8, 14, 91
"e:\dev\RinaBlog\misc\waifu\waifu_data.json", "JSON", 51, 0, 0, 0, 0, 0, 0, 0, 0, 0, 0, 1, 52
"e:\dev\RinaBlog\modules\AIabstract.ts", "TypeScript", 0, 0, 0, 23, 0, 0, 0, 0, 0, 0, 1, 1, 25
"e:\dev\RinaBlog\modules\lastUpdated.ts", "TypeScript", 0, 0, 0, 20, 0, 0, 0, 0, 0, 0, 0, 3, 23
"e:\dev\RinaBlog\package.json", "JSON", 35, 0, 0, 0, 0, 0, 0, 0, 0, 0, 0, 1, 36
"e:\dev\RinaBlog\pnpm-lock.yaml", "YAML", 0, 0, 0, 0, 0, 3574, 0, 0, 0, 0, 0, 452, 4026
"e:\dev\RinaBlog\postcss.config.js", "JavaScript", 0, 0, 6, 0, 0, 0, 0, 0, 0, 0, 0, 1, 7
"e:\dev\RinaBlog\src\app.ts", "TypeScript", 0, 0, 0, 30, 0, 0, 0, 0, 0, 0, 0, 3, 33
"e:\dev\RinaBlog\src\components\AIabstract.vue", "vue", 0, 0, 0, 0, 0, 0, 0, 0, 0, 8, 0, 1, 9
"e:\dev\RinaBlog\src\components\ArticleCard.vue", "vue", 0, 0, 0, 0, 0, 0, 0, 0, 0, 56, 0, 3, 59
"e:\dev\RinaBlog\src\components\ArticleFooter.vue", "vue", 0, 0, 0, 0, 0, 0, 0, 0, 0, 13, 0, 1, 14
"e:\dev\RinaBlog\src\components\BackToTop.vue", "vue", 0, 0, 0, 0, 0, 0, 0, 0, 0, 47, 0, 2, 49
"e:\dev\RinaBlog\src\components\GirlsIntro.mdx", "MDX", 0, 0, 0, 0, 0, 0, 0, 0, 6, 0, 0, 6, 12
"e:\dev\RinaBlog\src\components\GiscusComment.vue", "vue", 0, 0, 0, 0, 0, 0, 0, 0, 0, 20, 0, 3, 23
"e:\dev\RinaBlog\src\components\GiscusCommentInner.vue", "vue", 0, 0, 0, 0, 0, 0, 0, 0, 0, 10, 0, 2, 12
"e:\dev\RinaBlog\src\components\HeadTitle.vue", "vue", 0, 0, 0, 0, 0, 0, 0, 0, 0, 5, 0, 1, 6
"e:\dev\RinaBlog\src\components\Heimu.vue", "vue", 0, 0, 0, 0, 0, 0, 0, 0, 0, 5, 0, 1, 6
"e:\dev\RinaBlog\src\components\NavigationBar.vue", "vue", 0, 0, 0, 0, 0, 0, 0, 0, 0, 45, 0, 2, 47
"e:\dev\RinaBlog\src\components\NotFound.vue", "vue", 0, 0, 0, 0, 0, 0, 0, 0, 0, 23, 0, 3, 26
"e:\dev\RinaBlog\src\components\NotGenerateByAI.vue", "vue", 0, 0, 0, 0, 0, 0, 0, 0, 0, 73, 0, 1, 74
"e:\dev\RinaBlog\src\components\TagCard.vue", "vue", 0, 0, 0, 0, 0, 0, 0, 0, 0, 11, 0, 2, 13
"e:\dev\RinaBlog\src\components\TheFooter.vue", "vue", 0, 0, 0, 0, 0, 0, 0, 0, 0, 5, 0, 1, 6
"e:\dev\RinaBlog\src\components\WaifuCard.vue", "vue", 0, 0, 0, 0, 0, 0, 0, 0, 0, 19, 0, 1, 20
"e:\dev\RinaBlog\src\composables\usePosts.ts", "TypeScript", 0, 0, 0, 3, 0, 0, 0, 0, 0, 0, 5, 1, 9
"e:\dev\RinaBlog\src\composables\useTags.ts", "TypeScript", 0, 0, 0, 30, 0, 0, 0, 0, 0, 0, 0, 2, 32
"e:\dev\RinaBlog\src\composables\useTheme.ts", "TypeScript", 0, 0, 0, 36, 0, 0, 0, 0, 0, 0, 0, 3, 39
"e:\dev\RinaBlog\src\layouts\base.vue", "vue", 0, 0, 0, 0, 0, 0, 0, 0, 0, 20, 0, 3, 23
"e:\dev\RinaBlog\src\layouts\post.vue", "vue", 0, 0, 0, 0, 0, 0, 0, 0, 0, 42, 1, 1, 44
"e:\dev\RinaBlog\src\pages\404.vue", "vue", 0, 0, 0, 0, 0, 0, 0, 0, 0, 6, 0, 2, 8
"e:\dev\RinaBlog\src\pages\about.mdx", "MDX", 0, 0, 0, 0, 0, 0, 0, 0, 39, 0, 0, 8, 47
"e:\dev\RinaBlog\src\pages\archive\[page].vue", "vue", 0, 0, 0, 0, 0, 0, 0, 0, 0, 59, 0, 2, 61
"e:\dev\RinaBlog\src\pages\feed.vue", "vue", 0, 0, 0, 0, 0, 0, 0, 0, 0, 34, 0, 6, 40
"e:\dev\RinaBlog\src\pages\girls.vue", "vue", 0, 0, 0, 0, 0, 0, 0, 0, 0, 73, 0, 2, 75
"e:\dev\RinaBlog\src\pages\index.vue", "vue", 0, 0, 0, 0, 0, 0, 0, 0, 0, 11, 0, 2, 13
"e:\dev\RinaBlog\src\pages\post\Hello_World.mdx", "MDX", 0, 0, 0, 0, 0, 0, 0, 0, 84, 0, 0, 35, 119
"e:\dev\RinaBlog\src\pages\post\ai_abstract.mdx", "MDX", 0, 0, 0, 0, 0, 0, 0, 0, 10, 0, 0, 3, 13
"e:\dev\RinaBlog\src\pages\post\trip_to_panzhihua.mdx", "MDX", 0, 0, 0, 0, 0, 0, 0, 0, 51, 0, 1, 26, 78
"e:\dev\RinaBlog\src\pages\tag\[tag].vue", "vue", 0, 0, 0, 0, 0, 0, 0, 0, 0, 38, 0, 3, 41
"e:\dev\RinaBlog\src\pages\tags.vue", "vue", 0, 0, 0, 0, 0, 0, 0, 0, 0, 13, 0, 1, 14
"e:\dev\RinaBlog\src\site.ts", "TypeScript", 0, 0, 0, 11, 0, 0, 0, 0, 0, 0, 0, 1, 12
"e:\dev\RinaBlog\src\styles\base.css", "CSS", 0, 0, 0, 0, 0, 0, 397, 0, 0, 0, 68, 69, 534
"e:\dev\RinaBlog\src\styles\github-markdown-dark.css", "CSS", 0, 0, 0, 0, 0, 0, 839, 0, 0, 0, 0, 168, 1007
"e:\dev\RinaBlog\src\styles\github-markdown-light.css", "CSS", 0, 0, 0, 0, 0, 0, 838, 0, 0, 0, 0, 168, 1006
"e:\dev\RinaBlog\tailwind.config.js", "JavaScript", 0, 0, 17, 0, 0, 0, 0, 0, 0, 0, 2, 2, 21
"e:\dev\RinaBlog\tsconfig.json", "JSON with Comments", 0, 15, 0, 0, 0, 0, 0, 0, 0, 0, 7, 0, 22
"Total", "-", 87, 15, 23, 217, 31, 3596, 2074, 118, 202, 636, 102, 1051, 8152